{
  "tour_deuce_serve_win_pct": 0.6327931886844274,
  "tour_rally_decay": {
    "1-3": 0.507130571280664,
    "4-6": 0.5014745600770383,
    "7-9": 0.496467943017266,
    "10": 0.49985094648978984
  },
  "tour_serve_directions": {
    "deuce_wide_pct": 0.3803919895182869,
    "deuce_middle_pct": 0.21224678807878986,
    "deuce_t_pct": 0.4073612224029233,
    "ad_wide_pct": 0.4905995728102193,
    "ad_middle_pct": 0.18880541037762816,
    "ad_t_pct": 0.3205950168121526
  }
}